feature,column_index,idf_score
000,0,7.214808078424858
10,1,6.1851886612437
100,2,7.320168594082684
12,3,7.214808078424858
13,4,7.571483022363591
15,5,7.571483022363591
18,6,6.878335841803645
19,7,7.725633702190849
1b,8,7.725633702190849
1m,9,7.725633702190849
20,10,7.437951629739068
2010,11,7.571483022363591
2011,12,7.571483022363591
2014,13,7.1194978986205335
2016,14,7.320168594082684
2017,15,7.320168594082684
2018,16,7.437951629739068
2019,17,7.214808078424858
2020,18,7.032486521630903
2021,19,7.437951629739068
2022,20,6.744804449179123
2023,21,6.15009734143243
2024,22,5.605370165990758
2024 2024,23,7.725633702190849
2025,24,5.17358774956522
24,25,7.437951629739068
25,26,7.1194978986205335
30,27,7.320168594082684
3d,28,6.952443813957367
50,29,7.437951629739068
500,30,7.437951629739068
5b,31,7.725633702190849
ability,32,7.437951629739068
access,33,6.221556305414575
accessible,34,7.437951629739068
account,35,7.571483022363591
accounts,36,7.571483022363591
accurate,37,7.725633702190849
action,38,6.952443813957367
actions,39,7.437951629739068
active,40,7.571483022363591
actual,41,7.1194978986205335
actually,42,7.571483022363591
ad,43,7.214808078424858
add,44,6.684179827362688
adds,45,7.725633702190849
adhd,46,7.437951629739068
admin,47,7.437951629739068
administration,48,7.437951629739068
ads,49,6.952443813957367
advanced,50,7.320168594082684
age,51,6.426350718060588
agency,52,7.320168594082684
agent,53,6.221556305414575
agentic,54,6.809342970316694
agents,55,5.933874232962793
ago,56,6.627021413522739
agree,57,6.878335841803645
ai,58,3.399295973377556
ai agents,59,7.320168594082684
ai ai,60,6.952443813957367
ai coding,61,7.320168594082684
ai generated,62,7.571483022363591
aid,63,7.571483022363591
air,64,7.1194978986205335
ais,65,7.571483022363591
algorithm,66,7.320168594082684
allow,67,7.725633702190849
alternative,68,6.572954192252463
alternatives,69,7.320168594082684
altman,70,7.725633702190849
amazon,71,6.426350718060588
amd,72,7.571483022363591
america,73,6.809342970316694
american,74,6.878335841803645
americans,75,7.437951629739068
amiga,76,7.725633702190849
analysis,77,6.952443813957367
analytics,78,7.320168594082684
ancient,79,7.725633702190849
android,80,6.744804449179123
announced,81,7.725633702190849
announcement,82,7.725633702190849
announces,83,7.1194978986205335
answer,84,7.437951629739068
anthropic,85,7.032486521630903
anti,86,7.725633702190849
anymore,87,7.725633702190849
apache,88,7.214808078424858
api,89,5.423048609196803
apis,90,6.952443813957367
app,91,5.0514850527643205
apple,92,5.160684344729312
application,93,7.214808078424858
applications,94,7.1194978986205335
appreciate,95,7.725633702190849
approach,96,6.952443813957367
apps,97,6.083405966933757
april,98,7.214808078424858
architecture,99,6.878335841803645
archive,100,4.882664183189268
archive ph,101,6.426350718060588
aren,102,7.1194978986205335
argument,103,7.725633702190849
arm,104,7.214808078424858
art,105,6.381898955489754
article,106,5.991032646802743
articles,107,7.032486521630903
artificial,108,5.213328078214734
artificial intelligence,109,5.2832866668216445
ask,110,6.744804449179123
ask hn,111,7.571483022363591
assembly,112,7.725633702190849
assistant,113,7.571483022363591
associated,114,7.725633702190849
atlas,115,7.725633702190849
attack,116,7.725633702190849
attacks,117,7.437951629739068
attention,118,7.214808078424858
audio,119,6.952443813957367
australian,120,7.725633702190849
authentication,121,7.437951629739068
author,122,7.1194978986205335
auto,123,7.032486521630903
automate,124,7.571483022363591
automated,125,7.437951629739068
automatically,126,7.725633702190849
automation,127,7.214808078424858
available,128,7.437951629739068
average,129,7.1194978986205335
avoid,130,6.952443813957367
aware,131,7.725633702190849
away,132,7.437951629739068
aws,133,6.744804449179123
azure,134,7.320168594082684
backend,135,7.437951629739068
background,136,7.725633702190849
backup,137,7.725633702190849
bad,138,6.809342970316694
ban,139,7.1194978986205335
bank,140,7.725633702190849
banks,141,7.725633702190849
banned,142,7.725633702190849
based,143,5.96204510992949
basic,144,7.571483022363591
batteries,145,7.214808078424858
battery,146,7.320168594082684
battle,147,7.032486521630903
beat,148,7.725633702190849
beginning,149,7.725633702190849
behavior,150,7.320168594082684
believe,151,7.032486521630903
benchmark,152,7.214808078424858
benchmarking,153,7.725633702190849
benchmarks,154,7.725633702190849
benefit,155,7.571483022363591
benefits,156,7.320168594082684
best,157,6.744804449179123
beta,158,7.1194978986205335
better,159,6.051657268619177
bias,160,7.214808078424858
big,161,6.381898955489754
biggest,162,7.320168594082684
billionaires,163,7.725633702190849
binary,164,7.320168594082684
bit,165,7.1194978986205335
bitcoin,166,7.214808078424858
black,167,7.437951629739068
block,168,7.1194978986205335
blocked,169,7.571483022363591
blog,170,6.381898955489754
blood,171,7.437951629739068
blue,172,7.571483022363591
bluesky,173,7.437951629739068
bluetooth,174,7.725633702190849
boilerplate,175,7.725633702190849
book,176,6.298517346550703
books,177,6.878335841803645
boost,178,7.571483022363591
boot,179,7.320168594082684
boring,180,7.725633702190849
bots,181,7.571483022363591
brain,182,6.684179827362688
brand,183,7.725633702190849
breach,184,7.437951629739068
break,185,7.320168594082684
breakthrough,186,7.571483022363591
bring,187,7.437951629739068
bringing,188,7.725633702190849
broken,189,7.214808078424858
browser,190,6.1851886612437
bubble,191,7.571483022363591
bug,192,7.571483022363591
build,193,5.566149452837476
builder,194,7.725633702190849
building,195,5.803821104714596
built,196,5.646192160511013
burn,197,7.437951629739068
business,198,6.744804449179123
button,199,7.437951629739068
buttons,200,7.725633702190849
buy,201,7.032486521630903
buying,202,7.725633702190849
bypass,203,7.725633702190849
bytedance,204,7.725633702190849
cache,205,7.214808078424858
calendar,206,7.725633702190849
california,207,6.684179827362688
called,208,7.1194978986205335
calls,209,6.684179827362688
camera,210,7.032486521630903
cameras,211,7.571483022363591
campaign,212,7.725633702190849
canada,213,7.437951629739068
cancer,214,6.952443813957367
canvas,215,7.571483022363591
cap,216,7.571483022363591
capabilities,217,7.571483022363591
capital,218,7.571483022363591
car,219,7.437951629739068
carbon,220,7.725633702190849
card,221,7.320168594082684
care,222,7.214808078424858
career,223,7.571483022363591
case,224,7.1194978986205335
cash,225,7.320168594082684
catch,226,7.571483022363591
cause,227,7.437951629739068
cd,228,7.571483022363591
cell,229,7.725633702190849
censorship,230,7.725633702190849
center,231,7.320168594082684
centers,232,7.725633702190849
ceo,233,6.472870733695481
ceos,234,7.320168594082684
certainly,235,7.571483022363591
certificate,236,7.725633702190849
chain,237,7.214808078424858
challenge,238,7.320168594082684
challenges,239,7.725633702190849
change,240,6.339339341070958
changed,241,6.952443813957367
changes,242,6.809342970316694
changing,243,7.571483022363591
channels,244,7.571483022363591
chapter,245,7.725633702190849
character,246,7.571483022363591
characters,247,7.725633702190849
charts,248,7.725633702190849
chat,249,6.878335841803645
chatbot,250,7.1194978986205335
chatgpt,251,5.779723553135535
cheap,252,7.320168594082684
cheaper,253,7.437951629739068
check,254,6.952443813957367
checker,255,7.571483022363591
chess,256,7.725633702190849
child,257,7.725633702190849
children,258,7.437951629739068
china,259,5.186659831132572
chinese,260,6.116195789756748
chip,261,7.320168594082684
chips,262,7.214808078424858
choice,263,7.571483022363591
chrome,264,6.952443813957367
chrome extension,265,7.571483022363591
ci,266,7.725633702190849
claims,267,7.320168594082684
class,268,7.571483022363591
claude,269,6.878335841803645
clean,270,7.320168594082684
clear,271,7.725633702190849
cli,272,6.809342970316694
click,273,7.571483022363591
client,274,7.032486521630903
climate,275,6.744804449179123
clock,276,7.725633702190849
close,277,7.1194978986205335
closing,278,7.571483022363591
cloud,279,6.051657268619177
cloudflare,280,6.627021413522739
clusters,281,7.725633702190849
cobol,282,7.725633702190849
code,283,5.110673924154651
code code,284,7.437951629739068
coding,285,5.991032646802743
coffee,286,7.571483022363591
cognitive,287,7.437951629739068
coin,288,7.725633702190849
cold,289,7.437951629739068
collapse,290,7.320168594082684
collection,291,7.214808078424858
college,292,7.571483022363591
color,293,7.571483022363591
com,294,5.3902587863738125
come,295,7.320168594082684
comes,296,6.952443813957367
coming,297,7.571483022363591
command,298,7.032486521630903
commands,299,7.320168594082684
comments,300,6.472870733695481
common,301,7.320168594082684
communication,302,7.320168594082684
communities,303,7.725633702190849
community,304,6.744804449179123
companies,305,6.381898955489754
company,306,6.472870733695481
comparing,307,7.725633702190849
compatible,308,7.437951629739068
competition,309,7.320168594082684
competitive,310,7.725633702190849
compiler,311,7.214808078424858
complete,312,7.571483022363591
complex,313,7.1194978986205335
complexity,314,7.1194978986205335
compliance,315,7.571483022363591
compression,316,7.320168594082684
compute,317,7.214808078424858
computer,318,6.259296633397422
computers,319,7.320168594082684
computing,320,7.571483022363591
concept,321,7.032486521630903
concepts,322,7.725633702190849
concern,323,7.725633702190849
concerns,324,7.725633702190849
confidence,325,7.725633702190849
connect,326,7.437951629739068
connecting,327,7.725633702190849
considering,328,7.437951629739068
construction,329,7.725633702190849
contact,330,7.725633702190849
container,331,7.571483022363591
content,332,6.381898955489754
context,333,6.1851886612437
continue,334,7.437951629739068
contracts,335,7.437951629739068
control,336,6.259296633397422
controls,337,7.571483022363591
conversation,338,6.952443813957367
convert,339,7.1194978986205335
cool,340,7.571483022363591
copilot,341,7.1194978986205335
copyright,342,7.725633702190849
core,343,7.1194978986205335
cost,344,5.779723553135535
costs,345,6.472870733695481
countries,346,7.725633702190849
country,347,7.437951629739068
course,348,7.571483022363591
court,349,7.437951629739068
covid,350,7.437951629739068
cpu,351,7.214808078424858
craft,352,7.725633702190849
create,353,5.853831525289257
created,354,6.952443813957367
creating,355,7.032486521630903
creativity,356,7.725633702190849
creators,357,7.571483022363591
credit,358,7.320168594082684
crisis,359,7.320168594082684
critical,360,7.320168594082684
cross,361,7.571483022363591
crypto,362,6.809342970316694
css,363,6.952443813957367
culture,364,6.744804449179123
curious,365,7.437951629739068
current,366,7.214808078424858
cursor,367,6.521660897864913
custom,368,6.298517346550703
customers,369,7.1194978986205335
cut,370,6.684179827362688
cuts,371,6.572954192252463
cve,372,7.571483022363591
cyber,373,7.571483022363591
cybersecurity,374,7.571483022363591
daily,375,6.878335841803645
danger,376,7.571483022363591
dark,377,6.952443813957367
dashboard,378,7.725633702190849
data,379,4.721602625822163
data centers,380,7.725633702190849
data data,381,7.571483022363591
database,382,6.809342970316694
dataset,383,7.320168594082684
datasets,384,7.725633702190849
day,385,6.744804449179123
days,386,6.627021413522739
dead,387,7.320168594082684
deal,388,7.214808078424858
death,389,7.214808078424858
debt,390,7.1194978986205335
debug,391,7.725633702190849
debugging,392,7.571483022363591
decades,393,7.214808078424858
decision,394,7.571483022363591
decline,395,7.437951629739068
deep,396,6.684179827362688
deepseek,397,5.4398557275131845
deepseek r1,398,7.725633702190849
deepseek v3,399,7.725633702190849
default,400,6.878335841803645
define,401,7.571483022363591
definitely,402,7.437951629739068
definition,403,7.1194978986205335
demand,404,7.032486521630903
demo,405,7.725633702190849
democracy,406,7.437951629739068
department,407,7.725633702190849
dependencies,408,7.1194978986205335
dependency,409,7.725633702190849
deploy,410,6.952443813957367
deployment,411,7.725633702190849
design,412,6.15009734143243
designing,413,7.725633702190849
desktop,414,6.744804449179123
despite,415,7.725633702190849
details,416,7.437951629739068
detect,417,7.725633702190849
detection,418,7.1194978986205335
dev,419,6.878335841803645
develop,420,7.725633702190849
developed,421,7.725633702190849
developer,422,6.952443813957367
developers,423,6.952443813957367
developing,424,7.437951629739068
development,425,6.1851886612437
device,426,6.878335841803645
devices,427,7.032486521630903
devops,428,7.437951629739068
did,429,6.744804449179123
didn,430,6.952443813957367
die,431,7.725633702190849
difference,432,7.1194978986205335
differences,433,7.437951629739068
different,434,6.259296633397422
difficult,435,7.725633702190849
diffusion,436,7.320168594082684
digital,437,6.381898955489754
directly,438,7.032486521630903
directory,439,7.1194978986205335
disaster,440,7.725633702190849
discovery,441,7.214808078424858
discussion,442,6.426350718060588
discussions,443,7.725633702190849
disease,444,7.571483022363591
display,445,6.809342970316694
distributed,446,7.1194978986205335
diversity,447,7.725633702190849
dns,448,7.320168594082684
docker,449,6.809342970316694
document,450,7.725633702190849
documentary,451,7.571483022363591
documentation,452,6.878335841803645
documents,453,6.878335841803645
does,454,5.688751774929809
doesn,455,6.426350718060588
doge,456,6.472870733695481
dogs,457,7.725633702190849
doing,458,7.1194978986205335
dollar,459,7.725633702190849
domain,460,7.032486521630903
domains,461,7.571483022363591
domestic,462,7.725633702190849
don,463,5.605370165990758
draft,464,7.725633702190849
dream,465,7.725633702190849
drive,466,6.952443813957367
driven,467,6.627021413522739
driver,468,7.571483022363591
drone,469,7.725633702190849
drones,470,7.437951629739068
drop,471,7.032486521630903
dropped,472,7.725633702190849
drops,473,7.725633702190849
dumb,474,7.725633702190849
dupe,475,6.381898955489754
dupe https,476,6.684179827362688
dynamic,477,7.1194978986205335
earlier,478,7.725633702190849
earliest,479,7.725633702190849
early,480,6.878335841803645
earn,481,7.725633702190849
earth,482,7.032486521630903
easier,483,7.437951629739068
easily,484,7.320168594082684
easy,485,6.952443813957367
eat,486,7.320168594082684
eating,487,7.725633702190849
economic,488,7.725633702190849
economics,489,7.320168594082684
economy,490,6.952443813957367
ecosystem,491,7.571483022363591
edge,492,7.437951629739068
edition,493,7.571483022363591
editor,494,6.878335841803645
education,495,7.214808078424858
effect,496,7.032486521630903
effective,497,7.032486521630903
effects,498,6.952443813957367
efficiency,499,7.1194978986205335
efficient,500,7.214808078424858
electric,501,7.320168594082684
electron,502,7.725633702190849
elon,503,6.426350718060588
elon musk,504,7.437951629739068
emacs,505,7.320168594082684
email,506,6.339339341070958
emails,507,7.320168594082684
embedded,508,7.725633702190849
employees,509,7.1194978986205335
emulator,510,7.437951629739068
enable,511,7.320168594082684
enabled,512,7.725633702190849
encrypted,513,7.725633702190849
encryption,514,7.214808078424858
end,515,6.221556305414575
ends,516,7.571483022363591
energy,517,6.339339341070958
engine,518,6.381898955489754
engineer,519,6.521660897864913
engineering,520,6.083405966933757
engineers,521,6.878335841803645
engines,522,7.437951629739068
enjoy,523,7.320168594082684
enterprise,524,7.1194978986205335
environment,525,7.725633702190849
error,526,7.032486521630903
escape,527,7.725633702190849
especially,528,6.744804449179123
estimate,529,7.725633702190849
eu,530,6.684179827362688
europe,531,6.521660897864913
european,532,7.032486521630903
evaluate,533,7.571483022363591
evaluating,534,7.725633702190849
evaluation,535,7.725633702190849
event,536,7.214808078424858
events,537,7.571483022363591
evidence,538,7.571483022363591
evolution,539,6.952443813957367
example,540,7.1194978986205335
excel,541,7.1194978986205335
executable,542,7.725633702190849
execution,543,7.725633702190849
executive,544,7.214808078424858
exist,545,7.725633702190849
existing,546,7.320168594082684
expect,547,7.725633702190849
expensive,548,7.214808078424858
experience,549,6.472870733695481
experiment,550,7.437951629739068
experts,551,7.725633702190849
explain,552,7.725633702190849
explained,553,7.725633702190849
explore,554,7.725633702190849
exploring,555,7.320168594082684
export,556,7.1194978986205335
extension,557,6.339339341070958
extensions,558,7.725633702190849
external,559,7.320168594082684
extra,560,7.725633702190849
eyes,561,7.437951629739068
face,562,7.032486521630903
facebook,563,7.437951629739068
faces,564,7.725633702190849
factor,565,7.320168594082684
factors,566,7.725633702190849
fail,567,7.437951629739068
failed,568,7.571483022363591
failure,569,7.320168594082684
failures,570,7.571483022363591
fair,571,7.725633702190849
fake,572,7.320168594082684
fall,573,7.214808078424858
faq,574,7.725633702190849
fast,575,6.051657268619177
faster,576,6.472870733695481
fastest,577,7.437951629739068
fear,578,7.725633702190849
feature,579,6.521660897864913
features,580,6.878335841803645
federal,581,6.744804449179123
feed,582,7.437951629739068
feedback,583,6.259296633397422
feel,584,6.878335841803645
feels,585,7.725633702190849
fees,586,7.725633702190849
field,587,7.571483022363591
fight,588,7.725633702190849
file,589,6.426350718060588
files,590,6.116195789756748
film,591,7.725633702190849
filter,592,7.725633702190849
filters,593,7.571483022363591
final,594,7.725633702190849
finally,595,7.437951629739068
financial,596,7.571483022363591
finding,597,7.320168594082684
finds,598,7.725633702190849
fine,599,7.571483022363591
firefox,600,6.381898955489754
firing,601,7.725633702190849
firmware,602,7.725633702190849
fix,603,7.437951629739068
fixed,604,7.214808078424858
fixing,605,7.571483022363591
flagged,606,7.725633702190849
flash,607,7.725633702190849
flight,608,7.571483022363591
flow,609,7.214808078424858
fly,610,7.571483022363591
focus,611,7.032486521630903
folder,612,7.725633702190849
folks,613,7.571483022363591
follow,614,7.725633702190849
following,615,7.725633702190849
food,616,7.032486521630903
force,617,7.032486521630903
forecasting,618,7.725633702190849
foreign,619,7.437951629739068
form,620,6.878335841803645
format,621,7.320168594082684
founder,622,7.032486521630903
founders,623,7.214808078424858
framework,624,6.259296633397422
france,625,7.437951629739068
fraud,626,7.571483022363591
free,627,5.625572873308277
french,628,7.571483022363591
friendly,629,7.725633702190849
friends,630,7.032486521630903
frontend,631,7.725633702190849
frustrating,632,7.725633702190849
ftc,633,7.725633702190849
fuel,634,7.571483022363591
fun,635,7.1194978986205335
function,636,7.320168594082684
functional,637,7.571483022363591
functions,638,7.320168594082684
fund,639,7.437951629739068
fundamental,640,7.725633702190849
funding,641,6.878335841803645
future,642,6.116195789756748
game,643,6.051657268619177
games,644,6.878335841803645
gaming,645,7.725633702190849
garbage,646,7.437951629739068
gas,647,7.571483022363591
gemini,648,6.381898955489754
gen,649,6.572954192252463
general,650,7.571483022363591
generate,651,6.472870733695481
generated,652,6.744804449179123
generates,653,7.571483022363591
generation,654,6.878335841803645
generative,655,6.878335841803645
generative ai,656,7.571483022363591
generator,657,6.521660897864913
genetic,658,7.320168594082684
german,659,7.214808078424858
germany,660,7.571483022363591
gets,661,7.320168594082684
getting,662,6.521660897864913
gift,663,7.437951629739068
gift link,664,7.571483022363591
git,665,6.684179827362688
github,666,5.254713294377588
global,667,6.521660897864913
gmail,668,7.437951629739068
gnu,669,7.725633702190849
goes,670,7.571483022363591
going,671,6.744804449179123
golang,672,7.214808078424858
gold,673,7.725633702190849
good,674,6.0208856099524235
google,675,5.213328078214734
got,676,6.952443813957367
gov,677,7.437951629739068
government,678,6.1851886612437
gpt,679,6.472870733695481
gpu,680,6.627021413522739
graph,681,7.214808078424858
great,682,6.426350718060588
green,683,7.437951629739068
grid,684,7.571483022363591
grok,685,7.725633702190849
group,686,6.684179827362688
groups,687,7.725633702190849
growing,688,7.032486521630903
growth,689,7.032486521630903
guide,690,5.96204510992949
hacked,691,7.571483022363591
hacker,692,7.1194978986205335
hacker news,693,7.571483022363591
hackers,694,6.952443813957367
hacking,695,7.571483022363591
half,696,7.320168594082684
hallucinations,697,7.214808078424858
handle,698,7.032486521630903
handling,699,7.214808078424858
happen,700,7.725633702190849
happened,701,7.437951629739068
happens,702,7.571483022363591
happy,703,6.952443813957367
hard,704,6.809342970316694
hardware,705,6.952443813957367
haven,706,7.437951629739068
having,707,7.320168594082684
health,708,6.952443813957367
hear,709,7.437951629739068
heat,710,7.725633702190849
help,711,6.339339341070958
helps,712,7.725633702190849
hey,713,7.032486521630903
hidden,714,7.571483022363591
hide,715,7.725633702190849
hierarchical,716,7.725633702190849
high,717,6.339339341070958
higher,718,7.214808078424858
hire,719,7.571483022363591
hiring,720,6.684179827362688
history,721,6.521660897864913
hn,722,4.1846743781535345
hn ai,723,7.437951629739068
hn built,724,7.437951629739068
home,725,6.381898955489754
hope,726,6.952443813957367
hosted,727,7.214808078424858
hosting,728,7.725633702190849
hot,729,7.571483022363591
hour,730,7.725633702190849
hours,731,7.032486521630903
house,732,7.571483022363591
housing,733,7.437951629739068
html,734,6.1851886612437
http,735,6.684179827362688
https,736,3.703262639593837
https archive,737,5.226933730270512
https github,738,6.684179827362688
https news,739,6.572954192252463
https www,740,7.725633702190849
hub,741,7.571483022363591
human,742,6.339339341070958
humans,743,6.809342970316694
hybrid,744,7.725633702190849
hydrogen,745,7.725633702190849
ibm,746,7.437951629739068
iceberg,747,7.571483022363591
id,748,6.521660897864913
ide,749,7.571483022363591
idea,750,6.381898955489754
ideas,751,7.032486521630903
identity,752,7.571483022363591
ii,753,7.725633702190849
image,754,6.952443813957367
images,755,6.952443813957367
imo,756,7.725633702190849
impact,757,6.744804449179123
implementation,758,7.214808078424858
implementing,759,7.571483022363591
import,760,7.571483022363591
important,761,7.725633702190849
improve,762,6.952443813957367
improvement,763,7.571483022363591
improvements,764,7.214808078424858
improving,765,7.725633702190849
included,766,7.725633702190849
increase,767,7.1194978986205335
increased,768,7.725633702190849
index,769,7.320168594082684
india,770,6.627021413522739
indian,771,7.725633702190849
individual,772,7.214808078424858
industrial,773,7.725633702190849
industry,774,7.032486521630903
inference,775,6.878335841803645
influence,776,7.571483022363591
information,777,6.744804449179123
infrastructure,778,6.426350718060588
innovation,779,7.214808078424858
input,780,7.725633702190849
inside,781,7.032486521630903
insights,782,7.437951629739068
instagram,783,7.571483022363591
install,784,7.214808078424858
instead,785,7.214808078424858
insurance,786,7.320168594082684
integrated,787,7.725633702190849
integration,788,6.878335841803645
integrations,789,7.725633702190849
intel,790,6.809342970316694
intelligence,791,5.122944016746465
interactive,792,7.320168594082684
interested,793,7.725633702190849
interesting,794,6.15009734143243
interface,795,7.214808078424858
interfaces,796,7.320168594082684
internal,797,7.571483022363591
international,798,7.571483022363591
internet,799,6.426350718060588
interview,800,6.521660897864913
introduces,801,7.725633702190849
introducing,802,7.725633702190849
introduction,803,7.214808078424858
investment,804,7.571483022363591
investors,805,7.437951629739068
io,806,7.032486521630903
ios,807,6.809342970316694
ip,808,7.320168594082684
iphone,809,7.320168594082684
iron,810,7.725633702190849
isn,811,6.298517346550703
issue,812,7.1194978986205335
issues,813,6.572954192252463
item,814,7.437951629739068
japan,815,7.437951629739068
japanese,816,7.571483022363591
java,817,7.437951629739068
javascript,818,6.878335841803645
job,819,6.472870733695481
jobs,820,6.878335841803645
john,821,7.571483022363591
journal,822,7.437951629739068
journey,823,7.214808078424858
js,824,6.952443813957367
json,825,7.320168594082684
judge,826,7.214808078424858
just,827,5.3430059015232665
kafka,828,7.571483022363591
kernel,829,6.952443813957367
key,830,6.809342970316694
keyboard,831,7.1194978986205335
kids,832,7.725633702190849
kind,833,7.725633702190849
kinds,834,7.571483022363591
kit,835,7.571483022363591
know,836,6.339339341070958
knowledge,837,6.878335841803645
known,838,7.571483022363591
knows,839,7.725633702190849
kubernetes,840,6.952443813957367
lab,841,7.320168594082684
lack,842,7.725633702190849
land,843,7.437951629739068
landing,844,7.725633702190849
language,845,5.566149452837476
language models,846,7.320168594082684
languages,847,7.320168594082684
laptop,848,7.571483022363591
large,849,6.521660897864913
largest,850,7.1194978986205335
latency,851,7.320168594082684
later,852,7.437951629739068
latest,853,7.725633702190849
launch,854,6.684179827362688
launched,855,7.571483022363591
launches,856,6.878335841803645
launching,857,7.320168594082684
law,858,6.952443813957367
laws,859,7.571483022363591
lawsuit,860,7.571483022363591
layer,861,7.437951629739068
layoffs,862,7.571483022363591
lazy,863,7.725633702190849
leading,864,7.725633702190849
leak,865,7.437951629739068
learn,866,6.744804449179123
learned,867,7.214808078424858
learning,868,6.0208856099524235
leaves,869,7.032486521630903
leaving,870,7.725633702190849
leetcode,871,7.725633702190849
left,872,7.571483022363591
legacy,873,7.571483022363591
legal,874,7.214808078424858
lessons,875,7.214808078424858
let,876,6.627021413522739
letter,877,7.571483022363591
level,878,7.1194978986205335
library,879,6.521660897864913
license,880,7.320168594082684
licensing,881,7.725633702190849
life,882,6.083405966933757
light,883,7.214808078424858
lightweight,884,7.1194978986205335
like,885,5.327738429392478
likely,886,7.437951629739068
limit,887,6.809342970316694
limitations,888,7.725633702190849
line,889,6.952443813957367
lines,890,7.571483022363591
link,891,6.298517346550703
linked,892,7.320168594082684
linkedin,893,6.627021413522739
links,894,7.032486521630903
linux,895,6.1851886612437
lisp,896,7.571483022363591
list,897,6.381898955489754
little,898,6.952443813957367
live,899,6.521660897864913
lives,900,7.725633702190849
ll,901,7.214808078424858
llama,902,7.214808078424858
llm,903,5.358510088059232
llms,904,5.3430059015232665
local,905,6.572954192252463
locally,906,7.214808078424858
log,907,7.1194978986205335
login,908,7.571483022363591
london,909,7.437951629739068
long,910,6.426350718060588
longer,911,7.725633702190849
look,912,6.878335841803645
looking,913,7.1194978986205335
looks,914,6.878335841803645
loop,915,7.571483022363591
lose,916,7.725633702190849
loss,917,7.437951629739068
lost,918,7.320168594082684
lot,919,7.214808078424858
love,920,6.339339341070958
low,921,6.572954192252463
mac,922,7.320168594082684
machine,923,6.572954192252463
machine learning,924,7.725633702190849
macos,925,6.521660897864913
magic,926,7.571483022363591
main,927,7.571483022363591
maintain,928,7.320168594082684
maintenance,929,7.571483022363591
major,930,7.571483022363591
make,931,5.312700552027938
maker,932,7.725633702190849
makes,933,6.744804449179123
making,934,6.116195789756748
malware,935,7.725633702190849
man,936,6.952443813957367
manage,937,6.809342970316694
management,938,6.521660897864913
manager,939,6.952443813957367
managers,940,7.214808078424858
manually,941,7.725633702190849
manufacturing,942,7.725633702190849
map,943,7.571483022363591
mapping,944,7.571483022363591
maps,945,7.214808078424858
march,946,7.437951629739068
markdown,947,7.1194978986205335
market,948,6.684179827362688
marketing,949,6.952443813957367
mass,950,7.725633702190849
matching,951,7.725633702190849
math,952,7.320168594082684
matrix,953,7.571483022363591
matter,954,7.725633702190849
maybe,955,6.298517346550703
mcp,956,5.803821104714596
mcp server,957,7.571483022363591
mcp servers,958,7.725633702190849
md,959,7.320168594082684
mean,960,6.684179827362688
means,961,6.627021413522739
measuring,962,7.725633702190849
media,963,6.426350718060588
meet,964,7.320168594082684
memories,965,7.571483022363591
memory,966,5.906475258774679
menu,967,7.571483022363591
messages,968,7.214808078424858
meta,969,6.083405966933757
metadata,970,7.571483022363591
metal,971,7.571483022363591
method,972,7.320168594082684
methods,973,7.214808078424858
metrics,974,7.725633702190849
microsoft,975,5.96204510992949
migration,976,7.571483022363591
military,977,7.725633702190849
million,978,7.214808078424858
millions,979,7.214808078424858
mind,980,7.320168594082684
mini,981,7.437951629739068
minutes,982,7.571483022363591
missing,983,7.320168594082684
mit,984,7.571483022363591
ml,985,7.214808078424858
mobile,986,7.1194978986205335
mode,987,7.320168594082684
model,988,5.688751774929809
modeling,989,7.437951629739068
models,990,5.906475258774679
modern,991,6.809342970316694
modules,992,7.571483022363591
moment,993,7.725633702190849
money,994,6.684179827362688
monitoring,995,7.1194978986205335
month,996,7.214808078424858
monthly,997,7.320168594082684
months,998,7.571483022363591
moon,999,7.320168594082684
mouse,1000,7.437951629739068
moved,1001,7.725633702190849
movement,1002,7.725633702190849
moving,1003,7.437951629739068
ms,1004,7.725633702190849
multi,1005,6.952443813957367
multiple,1006,7.1194978986205335
music,1007,6.952443813957367
musk,1008,5.625572873308277
names,1009,7.214808078424858
namespace,1010,7.725633702190849
nasa,1011,6.952443813957367
national,1012,7.1194978986205335
native,1013,6.878335841803645
nato,1014,7.725633702190849
natural,1015,7.571483022363591
nature,1016,7.1194978986205335
near,1017,7.725633702190849
nearly,1018,7.032486521630903
need,1019,6.298517346550703
needs,1020,7.1194978986205335
negative,1021,7.725633702190849
net,1022,7.320168594082684
netflix,1023,7.437951629739068
network,1024,6.339339341070958
networks,1025,7.725633702190849
new,1026,4.665362907499286
new new,1027,7.437951629739068
news,1028,5.08657637257559
news ycombinator,1029,5.756193055725341
nice,1030,7.1194978986205335
nintendo,1031,7.725633702190849
nix,1032,7.725633702190849
node,1033,6.952443813957367
node js,1034,7.725633702190849
non,1035,7.1194978986205335
north,1036,7.725633702190849
notebook,1037,7.571483022363591
notes,1038,7.032486521630903
notice,1039,7.725633702190849
notion,1040,7.320168594082684
novel,1041,7.571483022363591
nuclear,1042,7.437951629739068
number,1043,6.952443813957367
numbers,1044,7.320168594082684
nvidia,1045,6.221556305414575
object,1046,7.1194978986205335
objects,1047,7.725633702190849
observability,1048,7.571483022363591
offer,1049,7.725633702190849
offering,1050,7.725633702190849
offers,1051,7.320168594082684
office,1052,7.032486521630903
official,1053,7.437951629739068
oil,1054,7.320168594082684
old,1055,6.339339341070958
older,1056,7.725633702190849
ollama,1057,7.725633702190849
online,1058,6.472870733695481
open,1059,5.240727052402848
open source,1060,6.083405966933757
openai,1061,5.605370165990758
openapi,1062,7.571483022363591
openbsd,1063,7.437951629739068
operating,1064,7.320168594082684
optical,1065,7.725633702190849
optimizations,1066,7.725633702190849
option,1067,7.437951629739068
options,1068,7.725633702190849
oracle,1069,7.725633702190849
order,1070,6.878335841803645
orders,1071,7.1194978986205335
org,1072,6.381898955489754
origin,1073,7.725633702190849
original,1074,7.320168594082684
os,1075,7.320168594082684
oss,1076,7.725633702190849
output,1077,7.214808078424858
overhaul,1078,7.437951629739068
overview,1079,7.437951629739068
owns,1080,7.725633702190849
package,1081,7.725633702190849
page,1082,6.0208856099524235
pages,1083,7.214808078424858
pain,1084,7.571483022363591
paper,1085,7.437951629739068
papers,1086,7.437951629739068
parameters,1087,7.725633702190849
parsing,1088,7.725633702190849
pass,1089,7.437951629739068
passwords,1090,7.725633702190849
past,1091,7.571483022363591
patch,1092,7.571483022363591
path,1093,7.032486521630903
pattern,1094,7.320168594082684
patterns,1095,7.571483022363591
paul,1096,7.725633702190849
pause,1097,7.725633702190849
pay,1098,6.627021413522739
paying,1099,7.725633702190849
payments,1100,7.320168594082684
paywall,1101,7.725633702190849
pc,1102,7.437951629739068
pdf,1103,5.510059986186433
pdfs,1104,7.725633702190849
people,1105,5.474341903584354
performance,1106,5.625572873308277
perplexity,1107,7.725633702190849
person,1108,7.1194978986205335
personal,1109,6.627021413522739
ph,1110,5.991032646802743
philosophy,1111,7.725633702190849
phone,1112,6.684179827362688
photos,1113,7.571483022363591
php,1114,7.725633702190849
physical,1115,7.1194978986205335
physics,1116,7.437951629739068
pi,1117,7.725633702190849
pilot,1118,7.571483022363591
pipeline,1119,7.437951629739068
pitch,1120,7.571483022363591
pixel,1121,7.725633702190849
place,1122,7.437951629739068
plan,1123,6.809342970316694
plane,1124,7.725633702190849
plans,1125,6.572954192252463
plant,1126,7.437951629739068
platform,1127,6.051657268619177
platforms,1128,7.437951629739068
play,1129,7.214808078424858
players,1130,7.437951629739068
plugin,1131,7.725633702190849
plus,1132,7.437951629739068
podcast,1133,7.320168594082684
point,1134,7.437951629739068
points,1135,6.051657268619177
pok√©mon,1136,7.725633702190849
policies,1137,7.725633702190849
policy,1138,7.1194978986205335
political,1139,7.437951629739068
politics,1140,7.571483022363591
poor,1141,7.725633702190849
popular,1142,7.320168594082684
population,1143,7.320168594082684
portfolio,1144,7.725633702190849
possible,1145,6.952443813957367
post,1146,6.521660897864913
posted,1147,7.320168594082684
postgres,1148,7.032486521630903
postgresql,1149,7.214808078424858
posts,1150,7.320168594082684
potential,1151,7.320168594082684
power,1152,6.221556305414575
powered,1153,6.572954192252463
powerful,1154,7.571483022363591
practical,1155,6.744804449179123
practice,1156,7.725633702190849
practices,1157,7.725633702190849
pre,1158,7.725633702190849
prediction,1159,7.571483022363591
pretty,1160,7.571483022363591
preview,1161,7.725633702190849
price,1162,7.214808078424858
prices,1163,6.878335841803645
pricing,1164,7.214808078424858
primary,1165,7.571483022363591
prime,1166,7.725633702190849
privacy,1167,6.521660897864913
private,1168,6.878335841803645
pro,1169,6.809342970316694
probably,1170,6.472870733695481
problem,1171,6.051657268619177
problems,1172,7.032486521630903
process,1173,6.521660897864913
processing,1174,7.214808078424858
processor,1175,7.725633702190849
product,1176,6.339339341070958
production,1177,6.878335841803645
productivity,1178,7.437951629739068
products,1179,6.744804449179123
profile,1180,6.952443813957367
profiles,1181,7.571483022363591
profit,1182,7.437951629739068
program,1183,7.214808078424858
programming,1184,6.298517346550703
programs,1185,7.571483022363591
progress,1186,7.320168594082684
project,1187,6.1851886612437
projects,1188,6.878335841803645
prompt,1189,6.572954192252463
prompting,1190,7.571483022363591
prompts,1191,7.1194978986205335
proof,1192,7.437951629739068
property,1193,7.571483022363591
proposal,1194,7.571483022363591
protect,1195,7.214808078424858
protocol,1196,7.571483022363591
provide,1197,7.571483022363591
proxy,1198,7.214808078424858
public,1199,6.684179827362688
publish,1200,7.320168594082684
published,1201,7.725633702190849
purchase,1202,7.725633702190849
purely,1203,7.725633702190849
push,1204,7.725633702190849
pushing,1205,7.725633702190849
puzzle,1206,7.571483022363591
python,1207,5.667245569708845
qr,1208,7.725633702190849
quality,1209,6.878335841803645
quantum,1210,6.744804449179123
query,1211,7.437951629739068
question,1212,7.725633702190849
questions,1213,6.684179827362688
quick,1214,7.725633702190849
quickly,1215,7.571483022363591
quite,1216,7.214808078424858
quote,1217,7.725633702190849
r1,1218,7.320168594082684
race,1219,7.320168594082684
radio,1220,7.437951629739068
rag,1221,6.684179827362688
ran,1222,7.725633702190849
random,1223,7.214808078424858
rate,1224,7.214808078424858
rates,1225,7.571483022363591
raw,1226,7.437951629739068
ray,1227,7.725633702190849
react,1228,6.878335841803645
read,1229,6.221556305414575
reading,1230,6.521660897864913
ready,1231,7.320168594082684
real,1232,6.521660897864913
real time,1233,7.571483022363591
reality,1234,7.320168594082684
really,1235,6.221556305414575
reason,1236,6.952443813957367
reasoning,1237,7.437951629739068
recommendations,1238,7.571483022363591
record,1239,7.437951629739068
recovery,1240,7.437951629739068
reddit,1241,7.1194978986205335
reduce,1242,7.214808078424858
reduced,1243,7.437951629739068
reducing,1244,7.725633702190849
reduction,1245,7.571483022363591
reference,1246,7.725633702190849
related,1247,7.032486521630903
release,1248,6.809342970316694
released,1249,6.878335841803645
releases,1250,7.437951629739068
reliability,1251,7.320168594082684
reminds,1252,7.725633702190849
remote,1253,6.744804449179123
remove,1254,6.878335841803645
removing,1255,7.437951629739068
rendering,1256,7.571483022363591
repair,1257,7.725633702190849
replace,1258,6.684179827362688
replaced,1259,7.437951629739068
replacement,1260,7.437951629739068
repo,1261,7.571483022363591
report,1262,6.572954192252463
reports,1263,6.572954192252463
repositories,1264,7.725633702190849
repository,1265,7.725633702190849
request,1266,7.320168594082684
require,1267,7.725633702190849
required,1268,7.571483022363591
research,1269,6.116195789756748
researchers,1270,7.214808078424858
resource,1271,7.437951629739068
resources,1272,7.437951629739068
response,1273,7.571483022363591
rest,1274,7.571483022363591
results,1275,6.627021413522739
resume,1276,7.725633702190849
retrieval,1277,7.725633702190849
return,1278,7.032486521630903
returns,1279,7.214808078424858
reveal,1280,7.571483022363591
reveals,1281,7.320168594082684
revenue,1282,7.725633702190849
reverse,1283,7.214808078424858
review,1284,6.472870733695481
reviews,1285,7.1194978986205335
revolution,1286,7.032486521630903
rewrite,1287,7.571483022363591
rice,1288,7.725633702190849
right,1289,6.684179827362688
rights,1290,7.725633702190849
rise,1291,7.437951629739068
risk,1292,6.878335841803645
risks,1293,7.571483022363591
rl,1294,7.571483022363591
road,1295,7.725633702190849
robot,1296,7.214808078424858
robots,1297,7.1194978986205335
rocket,1298,7.437951629739068
role,1299,7.437951629739068
root,1300,7.725633702190849
rss,1301,7.1194978986205335
ruby,1302,6.878335841803645
rule,1303,7.571483022363591
rules,1304,7.1194978986205335
run,1305,5.933874232962793
running,1306,6.809342970316694
runs,1307,7.214808078424858
runtime,1308,7.571483022363591
russia,1309,7.214808078424858
russian,1310,6.952443813957367
rust,1311,5.710730681648584
s3,1312,7.725633702190849
saas,1313,6.521660897864913
safe,1314,7.320168594082684
safety,1315,6.809342970316694
salary,1316,7.571483022363591
sale,1317,7.1194978986205335
sales,1318,7.1194978986205335
sam,1319,7.437951629739068
samples,1320,7.725633702190849
samsung,1321,7.437951629739068
san,1322,7.320168594082684
satellite,1323,7.032486521630903
saudi,1324,7.725633702190849
save,1325,6.744804449179123
saving,1326,7.725633702190849
say,1327,6.572954192252463
saying,1328,7.725633702190849
says,1329,6.221556305414575
scalable,1330,7.571483022363591
scale,1331,6.0208856099524235
scaling,1332,7.1194978986205335
scams,1333,7.725633702190849
schema,1334,7.571483022363591
science,1335,6.259296633397422
scientific,1336,7.320168594082684
scientist,1337,7.725633702190849
scientists,1338,6.627021413522739
scratch,1339,7.320168594082684
screen,1340,7.725633702190849
screening,1341,7.725633702190849
screenshots,1342,7.320168594082684
script,1343,7.437951629739068
scripting,1344,7.725633702190849
sea,1345,7.571483022363591
search,1346,5.667245569708845
searches,1347,7.571483022363591
searching,1348,7.437951629739068
second,1349,7.725633702190849
seconds,1350,7.571483022363591
secret,1351,7.320168594082684
secure,1352,6.809342970316694
security,1353,5.566149452837476
seeing,1354,7.725633702190849
select,1355,7.437951629739068
selection,1356,7.437951629739068
self,1357,6.521660897864913
self hosted,1358,7.571483022363591
sell,1359,7.725633702190849
selling,1360,7.571483022363591
send,1361,7.437951629739068
senior,1362,7.725633702190849
sense,1363,7.571483022363591
sent,1364,7.437951629739068
seo,1365,7.437951629739068
sequences,1366,7.725633702190849
series,1367,7.320168594082684
server,1368,6.0208856099524235
serverless,1369,7.725633702190849
servers,1370,7.437951629739068
service,1371,6.1851886612437
services,1372,6.878335841803645
session,1373,7.725633702190849
set,1374,6.572954192252463
sets,1375,7.571483022363591
setting,1376,7.1194978986205335
setup,1377,6.952443813957367
shape,1378,7.320168594082684
share,1379,6.809342970316694
shared,1380,7.437951629739068
sharing,1381,7.437951629739068
shell,1382,7.725633702190849
ship,1383,7.437951629739068
shipping,1384,7.571483022363591
short,1385,7.1194978986205335
shows,1386,6.627021413522739
sign,1387,7.320168594082684
signal,1388,7.320168594082684
significant,1389,7.214808078424858
silicon,1390,6.744804449179123
similar,1391,6.878335841803645
simple,1392,6.521660897864913
simulation,1393,7.437951629739068
single,1394,6.521660897864913
siri,1395,7.725633702190849
site,1396,6.572954192252463
sites,1397,7.214808078424858
size,1398,6.952443813957367
skills,1399,7.437951629739068
skype,1400,7.437951629739068
slack,1401,7.032486521630903
sleep,1402,7.320168594082684
slow,1403,7.032486521630903
small,1404,6.472870733695481
smart,1405,7.1194978986205335
smarter,1406,7.571483022363591
social,1407,5.991032646802743
software,1408,5.625572873308277
solar,1409,7.437951629739068
solo,1410,7.725633702190849
solution,1411,7.214808078424858
solutions,1412,7.571483022363591
song,1413,7.571483022363591
soon,1414,7.571483022363591
sort,1415,7.437951629739068
sound,1416,7.725633702190849
sounds,1417,6.952443813957367
source,1418,5.456950160872484
source open,1419,7.437951629739068
south,1420,7.437951629739068
space,1421,6.521660897864913
spaces,1422,7.571483022363591
spacex,1423,7.725633702190849
special,1424,7.571483022363591
specific,1425,7.320168594082684
speech,1426,6.952443813957367
speed,1427,6.878335841803645
spinning,1428,7.725633702190849
sports,1429,7.571483022363591
spring,1430,7.437951629739068
spy,1431,7.725633702190849
sql,1432,7.032486521630903
sqlite,1433,7.725633702190849
stability,1434,7.571483022363591
stack,1435,6.952443813957367
staffers,1436,7.571483022363591
stage,1437,7.725633702190849
stand,1438,7.437951629739068
standard,1439,7.1194978986205335
star,1440,7.725633702190849
starlink,1441,7.571483022363591
start,1442,6.521660897864913
started,1443,7.032486521630903
starting,1444,7.320168594082684
startup,1445,5.96204510992949
startups,1446,6.381898955489754
state,1447,6.259296633397422
statement,1448,7.437951629739068
states,1449,7.214808078424858
static,1450,7.032486521630903
statistics,1451,7.571483022363591
steam,1452,7.725633702190849
steamos,1453,7.571483022363591
step,1454,7.571483022363591
stock,1455,7.571483022363591
stop,1456,7.1194978986205335
stops,1457,7.571483022363591
storage,1458,6.809342970316694
store,1459,6.952443813957367
stories,1460,7.725633702190849
story,1461,6.627021413522739
strategy,1462,7.320168594082684
stream,1463,7.320168594082684
streaming,1464,7.725633702190849
strings,1465,7.725633702190849
stripe,1466,7.214808078424858
strong,1467,7.725633702190849
structure,1468,7.320168594082684
student,1469,7.571483022363591
studio,1470,7.571483022363591
study,1471,6.809342970316694
stuff,1472,7.725633702190849
style,1473,7.320168594082684
submit,1474,7.725633702190849
subscription,1475,7.571483022363591
subscriptions,1476,7.725633702190849
success,1477,7.437951629739068
suggestions,1478,7.1194978986205335
summary,1479,7.571483022363591
super,1480,7.032486521630903
supply,1481,7.320168594082684
support,1482,5.733203537500643
supported,1483,7.725633702190849
supports,1484,7.725633702190849
sure,1485,7.571483022363591
surprising,1486,7.725633702190849
surveillance,1487,7.571483022363591
survey,1488,7.725633702190849
sustainable,1489,7.725633702190849
swift,1490,7.320168594082684
switch,1491,7.320168594082684
switching,1492,7.571483022363591
sync,1493,7.437951629739068
syntax,1494,7.437951629739068
systems,1495,6.1851886612437
tab,1496,7.725633702190849
table,1497,7.725633702190849
tags,1498,7.437951629739068
takes,1499,7.032486521630903
taking,1500,7.320168594082684
talk,1501,7.1194978986205335
talking,1502,7.437951629739068
talks,1503,7.320168594082684
target,1504,7.437951629739068
tariffs,1505,6.572954192252463
tasks,1506,7.437951629739068
tax,1507,6.952443813957367
teaching,1508,7.571483022363591
team,1509,6.521660897864913
teams,1510,7.214808078424858
tech,1511,5.733203537500643
technical,1512,7.214808078424858
techniques,1513,7.725633702190849
technologies,1514,7.725633702190849
technology,1515,6.572954192252463
telegram,1516,7.571483022363591
tell,1517,7.320168594082684
template,1518,7.437951629739068
templates,1519,7.571483022363591
term,1520,7.214808078424858
terminal,1521,7.725633702190849
tesla,1522,6.684179827362688
test,1523,6.259296633397422
testing,1524,6.221556305414575
tests,1525,6.744804449179123
text,1526,6.339339341070958
thank,1527,7.725633702190849
thanks,1528,7.725633702190849
theory,1529,7.214808078424858
thing,1530,7.320168594082684
things,1531,6.952443813957367
think,1532,5.547101257866782
thinking,1533,7.032486521630903
thought,1534,7.437951629739068
thoughts,1535,6.684179827362688
threat,1536,7.214808078424858
tiktok,1537,6.684179827362688
tim,1538,7.725633702190849
time,1539,5.3430059015232665
time time,1540,7.437951629739068
times,1541,7.437951629739068
tiny,1542,7.320168594082684
tired,1543,7.725633702190849
title,1544,6.684179827362688
today,1545,6.744804449179123
token,1546,7.725633702190849
tokens,1547,7.437951629739068
took,1548,7.725633702190849
tool,1549,5.456950160872484
tool tool,1550,7.571483022363591
tooling,1551,7.571483022363591
tools,1552,6.15009734143243
topic,1553,7.571483022363591
town,1554,7.725633702190849
tracing,1555,7.725633702190849
track,1556,7.571483022363591
tracker,1557,7.437951629739068
tracking,1558,7.1194978986205335
trade,1559,7.437951629739068
traditional,1560,7.320168594082684
traffic,1561,7.032486521630903
train,1562,7.725633702190849
training,1563,6.426350718060588
transcription,1564,7.725633702190849
transform,1565,7.320168594082684
transformation,1566,7.571483022363591
transformer,1567,7.320168594082684
transformers,1568,7.571483022363591
travel,1569,7.725633702190849
treatment,1570,7.725633702190849
tree,1571,7.725633702190849
trends,1572,7.437951629739068
tried,1573,7.571483022363591
true,1574,7.725633702190849
trump,1575,5.3902587863738125
trust,1576,6.952443813957367
truth,1577,7.571483022363591
try,1578,6.952443813957367
trying,1579,7.437951629739068
turn,1580,6.627021413522739
turning,1581,7.437951629739068
turns,1582,7.571483022363591
tv,1583,7.214808078424858
twice,1584,7.437951629739068
twitter,1585,7.437951629739068
type,1586,6.878335841803645
types,1587,7.320168594082684
typescript,1588,6.878335841803645
ui,1589,6.684179827362688
uk,1590,6.1851886612437
ukraine,1591,7.320168594082684
understand,1592,6.572954192252463
understanding,1593,6.878335841803645
unique,1594,7.032486521630903
unit,1595,7.437951629739068
universe,1596,6.952443813957367
unveils,1597,7.725633702190849
update,1598,6.381898955489754
updates,1599,7.1194978986205335
upgrade,1600,7.571483022363591
usage,1601,6.878335841803645
usb,1602,7.437951629739068
use,1603,5.063045875165396
used,1604,6.521660897864913
useful,1605,7.032486521630903
user,1606,6.952443813957367
users,1607,6.1851886612437
uses,1608,7.032486521630903
using,1609,5.0514850527643205
using ai,1610,7.725633702190849
usually,1611,7.571483022363591
utility,1612,7.725633702190849
ux,1613,7.571483022363591
v3,1614,7.320168594082684
validation,1615,7.725633702190849
valley,1616,7.725633702190849
value,1617,6.426350718060588
values,1618,7.571483022363591
ve,1619,7.032486521630903
vector,1620,7.437951629739068
verification,1621,7.320168594082684
version,1622,6.952443813957367
vibe,1623,6.627021413522739
vibe coding,1624,7.437951629739068
video,1625,4.486955250026469
video video,1626,7.1194978986205335
videos,1627,7.437951629739068
view,1628,6.878335841803645
virtual,1629,7.1194978986205335
virus,1630,7.725633702190849
vision,1631,7.214808078424858
visual,1632,7.725633702190849
visualizing,1633,7.571483022363591
voice,1634,7.1194978986205335
vpn,1635,7.571483022363591
vs,1636,5.933874232962793
vulnerabilities,1637,7.571483022363591
waiting,1638,7.725633702190849
waitlist,1639,7.725633702190849
want,1640,6.744804449179123
wants,1641,7.320168594082684
war,1642,7.214808078424858
warming,1643,7.725633702190849
watch,1644,7.725633702190849
water,1645,6.952443813957367
way,1646,5.803821104714596
weapons,1647,7.725633702190849
weather,1648,7.320168594082684
web,1649,5.756193055725341
website,1650,6.298517346550703
week,1651,6.684179827362688
weeks,1652,7.437951629739068
weight,1653,7.437951629739068
weird,1654,7.437951629739068
welcome,1655,7.571483022363591
went,1656,7.320168594082684
white,1657,6.744804449179123
wiki,1658,6.521660897864913
wikipedia,1659,7.214808078424858
wildfires,1660,7.571483022363591
win,1661,7.725633702190849
window,1662,7.320168594082684
windows,1663,6.339339341070958
windsurf,1664,7.214808078424858
winning,1665,7.725633702190849
wired,1666,7.725633702190849
women,1667,7.571483022363591
won,1668,6.809342970316694
wonder,1669,7.320168594082684
word,1670,7.032486521630903
wordpress,1671,7.725633702190849
words,1672,7.320168594082684
work,1673,5.991032646802743
worked,1674,7.725633702190849
workers,1675,6.627021413522739
workflow,1676,7.214808078424858
workflows,1677,6.878335841803645
workforce,1678,7.725633702190849
working,1679,7.437951629739068
works,1680,6.744804449179123
world,1681,5.853831525289257
worst,1682,7.725633702190849
worth,1683,7.032486521630903
wouldn,1684,7.571483022363591
wrap,1685,7.725633702190849
write,1686,7.032486521630903
writing,1687,6.221556305414575
written,1688,7.437951629739068
wrong,1689,7.437951629739068
www,1690,6.221556305414575
yc,1691,7.320168594082684
ycombinator,1692,5.3902587863738125
ycombinator com,1693,6.627021413522739
year,1694,6.0208856099524235
years,1695,5.756193055725341
yes,1696,6.952443813957367
young,1697,7.571483022363591
youtube,1698,6.381898955489754
zero,1699,6.572954192252463
zig,1700,7.437951629739068
zoom,1701,7.437951629739068
zuckerberg,1702,7.437951629739068
